{"cameraMode":{"drawMode":0,"name":"Shaded","section":"Shading Mode"},"sceneLighting":true,"audioPlay":false,"sceneViewState":{"showFog":false,"showMaterialUpdate":false,"showSkybox":false,"showFlares":false,"showImageEffects":false,"showParticleSystems":true},"in2DMode":false,"pivot":{"x":36.158042907714847,"y":-7.914690017700195,"z":10.137290954589844},"rotation":{"x":0.1275421679019928,"y":0.5597944855690002,"z":-0.08770402520895004,"w":0.8140581846237183},"size":60.4463005065918,"orthographic":false}