{"cameraMode":{"drawMode":0,"name":"Shaded","section":"Shading Mode"},"sceneLighting":true,"audioPlay":false,"sceneViewState":{"showFog":false,"showMaterialUpdate":false,"showSkybox":false,"showFlares":false,"showImageEffects":false,"showParticleSystems":true},"in2DMode":false,"pivot":{"x":-1.539317011833191,"y":2.9560136795043947,"z":-11.167917251586914},"rotation":{"x":0.0253354050219059,"y":-0.7832578420639038,"z":0.031967710703611377,"w":0.6203874349594116},"size":14.477306365966797,"orthographic":false}