{"cameraMode":{"drawMode":0,"name":"Shaded","section":"Shading Mode"},"sceneLighting":true,"audioPlay":false,"sceneViewState":{"showFog":false,"showMaterialUpdate":false,"showSkybox":false,"showFlares":false,"showImageEffects":false,"showParticleSystems":true},"in2DMode":false,"pivot":{"x":-0.9094575643539429,"y":3.309516668319702,"z":7.207435607910156},"rotation":{"x":0.0014999978011474014,"y":-0.0014999978011474014,"z":0.0000022499987153423719,"w":0.9999977350234985},"size":7.131925106048584,"orthographic":false}