{"cameraMode":{"drawMode":0,"name":"Shaded","section":"Shading Mode"},"sceneLighting":true,"audioPlay":false,"sceneViewState":{"showFog":false,"showMaterialUpdate":false,"showSkybox":false,"showFlares":false,"showImageEffects":false,"showParticleSystems":true},"in2DMode":false,"pivot":{"x":-34.75828170776367,"y":-27.10282325744629,"z":-9.13303279876709},"rotation":{"x":0.19199353456497193,"y":-0.7669925093650818,"z":0.26734891533851626,"w":0.5508074164390564},"size":59.99643325805664,"orthographic":false}